"DateTime","csdev19/invisible-assistant","csdev19/kaipu-record-monorepo","csdev19/laqi","csdev19/architecture-diagram-generator","csdev19/port-watcher","All other"
"2026-09-01",0,0,0.11,0.09,0,0
"2026-09-02",0,0.33,0.42,0.15,0,0
"2026-09-03",0.07,1,0.48,0.4,0,0.04
"2026-09-04",1.26,1,0.48,0.7,0,0.04
"2026-09-05",1.98,1.19,0.48,0.79,0,0.04
"2026-09-06",2.21,1.37,0.64,0.88,0,0.04
"2026-09-07",2.94,1.37,0.73,0.88,0,0.04
"2026-09-08",3.23,1.37,0.73,0.88,0,0.04
"2026-09-09",4.09,1.64,0.85,0.88,0,0.04
"2026-09-10",5.36,1.73,1,0.88,0,0.04
"2026-09-11",6.29,1.73,1.01,0.88,0,0.04
"2026-09-12",6.48,1.88,1.01,0.88,0,0.04
"2026-09-13",6.85,1.96,1.01,0.88,0,0.04
"2026-09-14",6.85,2.41,1.01,0.88,0,0.04
"2026-09-15",6.85,2.76,1.01,0.88,0,0.04
"2026-09-16",6.89,2.98,1.01,0.88,0.11,0.04
"2026-09-17",7.06,3.05,1.01,0.88,0.17,0.04
"2026-09-18",7.06,3.38,1.01,0.88,0.17,0.04
"2026-09-19",7.19,6.11,1.03,0.88,0.17,0.04
"2026-09-20",7.19,6.12,1.03,0.88,0.17,0.04
"2026-09-21",7.72,6.12,1.03,0.88,0.17,0.04
"2026-09-22",8.8,6.25,1.03,0.88,0.22,0.04
"2026-09-23",9.25,8.09,1.03,0.88,0.22,0.04
"2026-09-24",9.25,8.09,1.03,0.88,0.22,0.04