"date","product","sku","quantity","unit_type","applied_cost_per_quantity","gross_amount","discount_amount","net_amount","username","organization","repository","workflow_path","cost_center_name"
"2026-09-01","actions","actions_linux","6","minutes","0.006","0.036","0.036","0","csdev19","","architecture-diagram-generator",".github/workflows/customizer-test.yml",""
"2026-09-01","actions","actions_linux","13","minutes","0.006","0.078","0.078","0","csdev19","","laqi",".github/workflows/validate.yml",""
"2026-09-01","actions","actions_linux","9","minutes","0.006","0.054","0.054","0","csdev19","","architecture-diagram-generator",".github/workflows/pr-validation.yml",""
"2026-09-01","actions","actions_linux","3","minutes","0.006","0.018","0.018","0","csdev19","","laqi",".github/workflows/release-please.yml",""
"2026-09-01","actions","actions_linux","2","minutes","0.006","0.012","0.012","0","csdev19","","laqi",".github/workflows/deploy-site.yml",""
"2026-09-02","actions","actions_linux","3","minutes","0.006","0.018","0.018","0","csdev19","","kaipu-record-monorepo",".github/workflows/ci-api.yml",""
"2026-09-02","actions","actions_linux","3","minutes","0.006","0.018","0.018","0","csdev19","","kaipu-record-monorepo",".github/workflows/ci-web.yml",""
"2026-09-02","actions","actions_linux","10","minutes","0.006","0.06","0.06","0","csdev19","","architecture-diagram-generator",".github/workflows/pr-validation.yml",""
"2026-09-02","actions","actions_linux","15","minutes","0.006","0.09","0.09","0","csdev19","","kaipu-record-monorepo",".github/workflows/ci.yml",""
"2026-09-02","actions","actions_linux","1","minutes","0.006","0.006","0.006","0","csdev19","","laqi",".github/workflows/deploy-site.yml",""
"2026-09-02","actions","actions_linux","5","minutes","0.006","0.03","0.03","0","csdev19","","kaipu-record-monorepo",".github/workflows/release-please.yml",""
"2026-09-02","actions","actions_linux","29","minutes","0.006","0.174","0.174","0","csdev19","","kaipu-record-monorepo",".github/workflows/ci-desktop.yml",""
"2026-09-02","actions","actions_linux","33","minutes","0.006","0.198","0.198","0","csdev19","","laqi",".github/workflows/validate.yml",""
"2026-09-02","actions","actions_linux","3","minutes","0.006","0.018","0.018","0","csdev19","","laqi",".github/workflows/release-npm.yml",""
"2026-09-02","actions","actions_linux","15","minutes","0.006","0.09","0.09","0","csdev19","","laqi",".github/workflows/release-please.yml",""
"2026-09-03","actions","actions_linux","2","minutes","0.006","0.012","0.012","0","csdev19","","csdev-monorepo",".github/workflows/pr-validation.yml",""
"2026-09-03","actions","actions_linux","7","minutes","0.006","0.042","0.042","0","csdev19","","kaipu-record-monorepo",".github/workflows/ci-api.yml",""
"2026-09-03","actions","actions_linux","73","minutes","0.006","0.438","0.438","0","csdev19","","kaipu-record-monorepo",".github/workflows/ci-desktop.yml",""
"2026-09-03","actions","actions_linux","2","minutes","0.006","0.012","0.012","0","csdev19","","csdev-monorepo",".github/workflows/deploy-production.yml",""
"2026-09-03","actions","actions_linux","14","minutes","0.006","0.084","0.084","0","csdev19","","kaipu-record-monorepo",".github/workflows/ci.yml",""
"2026-09-03","actions","actions_linux","2","minutes","0.006","0.012","0.012","0","csdev19","","laqi",".github/workflows/release-please.yml",""
"2026-09-03","actions","actions_linux","3","minutes","0.006","0.018","0.018","0","csdev19","","invisible-assistant",".github/workflows/pr-validation.yml",""
"2026-09-03","actions","actions_linux","2","minutes","0.006","0.012","0.012","0","csdev19","","invisible-assistant",".github/workflows/ci-desktop.yml",""
"2026-09-03","actions","actions_linux","33","minutes","0.006","0.198","0.198","0","csdev19","","architecture-diagram-generator",".github/workflows/pr-validation.yml",""
"2026-09-03","actions","actions_linux","2","minutes","0.006","0.012","0.012","0","csdev19","","csdev-monorepo",".github/workflows/pr-verify.yml",""
"2026-09-03","actions","actions_linux","8","minutes","0.006","0.048","0.048","0","csdev19","","laqi",".github/workflows/validate.yml",""
"2026-09-03","actions","actions_linux","2","minutes","0.006","0.012","0.012","0","csdev19","","architecture-diagram-generator",".github/workflows/release-fullstack-fn.yml",""
"2026-09-03","actions","actions_linux","7","minutes","0.006","0.042","0.042","0","csdev19","","architecture-diagram-generator",".github/workflows/release-please.yml",""
"2026-09-03","actions","actions_linux","7","minutes","0.006","0.042","0.042","0","csdev19","","invisible-assistant",".github/workflows/customizer-test.yml",""
"2026-09-03","actions","actions_linux","7","minutes","0.006","0.042","0.042","0","csdev19","","kaipu-record-monorepo",".github/workflows/ci-web.yml",""
"2026-09-03","actions","actions_linux","11","minutes","0.006","0.066","0.066","0","csdev19","","kaipu-record-monorepo",".github/workflows/release-please.yml",""
"2026-09-04","actions","actions_linux","36","minutes","0.006","0.216","0.216","0","csdev19","","architecture-diagram-generator",".github/workflows/pr-validation.yml",""
"2026-09-04","actions","actions_linux","11","minutes","0.006","0.066","0.066","0","csdev19","","architecture-diagram-generator",".github/workflows/release-please.yml",""
"2026-09-04","actions","actions_linux","3","minutes","0.006","0.018","0.018","0","csdev19","","architecture-diagram-generator",".github/workflows/release-fullstack-fn.yml",""
"2026-09-04","actions","actions_linux","15","minutes","0.006","0.09","0.09","0","csdev19","","invisible-assistant",".github/workflows/pr-validation.yml",""
"2026-09-04","actions","actions_linux","6","minutes","0.006","0.036","0.036","0","csdev19","","invisible-assistant",".github/workflows/ci-desktop.yml",""
"2026-09-04","actions","actions_linux","11","minutes","0.006","0.066","0.066","0","csdev19","","invisible-assistant",".github/workflows/release-please.yml",""
"2026-09-04","actions","actions_macos","14","minutes","0.062","0.868","0.868","0","csdev19","","invisible-assistant",".github/workflows/ci-desktop.yml",""
"2026-09-04","actions","actions_windows","13","minutes","0.01","0.13","0.13","0","csdev19","","invisible-assistant",".github/workflows/ci-desktop.yml",""
"2026-09-05","actions","actions_linux","15","minutes","0.006","0.09","0.09","0","csdev19","","invisible-assistant",".github/workflows/pr-validation.yml",""
"2026-09-05","actions","actions_linux","1","minutes","0.006","0.006","0.006","0","csdev19","","invisible-assistant",".github/workflows/release-please.yml",""
"2026-09-05","actions","actions_linux","7","minutes","0.006","0.042","0.042","0","csdev19","","kaipu-record-monorepo",".github/workflows/ci.yml",""
"2026-09-05","actions","actions_linux","23","minutes","0.006","0.138","0.138","0","csdev19","","kaipu-record-monorepo",".github/workflows/ci-desktop.yml",""
"2026-09-05","actions","actions_linux","4","minutes","0.006","0.024","0.024","0","csdev19","","architecture-diagram-generator",".github/workflows/release-please.yml",""
"2026-09-05","actions","actions_linux","10","minutes","0.006","0.06","0.06","0","csdev19","","architecture-diagram-generator",".github/workflows/pr-validation.yml",""
"2026-09-05","actions","actions_linux","1","minutes","0.006","0.006","0.006","0","csdev19","","kaipu-record-monorepo",".github/workflows/release-please.yml",""
"2026-09-05","actions","actions_linux","1","minutes","0.006","0.006","0.006","0","csdev19","","architecture-diagram-generator",".github/workflows/release-fullstack-fn.yml",""
"2026-09-05","actions","actions_macos","10","minutes","0.062","0.62","0.62","0","csdev19","","invisible-assistant",".github/workflows/ci-desktop.yml",""
"2026-09-05","actions","actions_storage","0.000132274","gigabyte-hours","0.00033602","4.4E-08","4.4E-08","0","","","kaipu-record-monorepo","",""
"2026-09-06","actions","actions_linux","7","minutes","0.006","0.042","0.042","0","csdev19","","kaipu-record-monorepo",".github/workflows/ci.yml",""
"2026-09-06","actions","actions_linux","15","minutes","0.006","0.09","0.09","0","csdev19","","kaipu-record-monorepo",".github/workflows/ci-desktop.yml",""
"2026-09-06","actions","actions_linux","3","minutes","0.006","0.018","0.018","0","csdev19","","kaipu-record-monorepo",".github/workflows/ci-api.yml",""
"2026-09-06","actions","actions_linux","3","minutes","0.006","0.018","0.018","0","csdev19","","kaipu-record-monorepo",".github/workflows/ci-web.yml",""
"2026-09-06","actions","actions_linux","2","minutes","0.006","0.012","0.012","0","csdev19","","kaipu-record-monorepo",".github/workflows/release-please.yml",""
"2026-09-06","actions","actions_linux","6","minutes","0.006","0.036","0.036","0","csdev19","","invisible-assistant",".github/workflows/pr-validation.yml",""
"2026-09-06","actions","actions_linux","1","minutes","0.006","0.006","0.006","0","csdev19","","laqi",".github/workflows/release-please.yml",""
"2026-09-06","actions","actions_linux","26","minutes","0.006","0.156","0.156","0","csdev19","","laqi",".github/workflows/validate.yml",""
"2026-09-06","actions","actions_linux","2","minutes","0.006","0.012","0.012","0","csdev19","","architecture-diagram-generator",".github/workflows/release-fullstack-fn.yml",""
"2026-09-06","actions","actions_linux","8","minutes","0.006","0.048","0.048","0","csdev19","","architecture-diagram-generator",".github/workflows/pr-validation.yml",""
"2026-09-06","actions","actions_linux","1","minutes","0.006","0.006","0.006","0","csdev19","","invisible-assistant",".github/workflows/release-please.yml",""
"2026-09-06","actions","actions_linux","4","minutes","0.006","0.024","0.024","0","csdev19","","architecture-diagram-generator",".github/workflows/release-please.yml",""
"2026-09-06","actions","actions_macos","3","minutes","0.062","0.186","0.186","0","csdev19","","invisible-assistant",".github/workflows/ci-desktop.yml",""
"2026-09-06","actions","actions_storage","0.002329015","gigabyte-hours","0.00033602","7.81E-07","7.81E-07","0","","","kaipu-record-monorepo","",""
"2026-09-07","actions","actions_linux","3","minutes","0.006","0.018","0.018","0","csdev19","","laqi",".github/workflows/release-please.yml",""
"2026-09-07","actions","actions_linux","20","minutes","0.006","0.12","0.12","0","csdev19","","invisible-assistant",".github/workflows/pr-validation.yml",""
"2026-09-07","actions","actions_linux","9","minutes","0.006","0.054","0.054","0","csdev19","","invisible-assistant",".github/workflows/release-please.yml",""
"2026-09-07","actions","actions_linux","12","minutes","0.006","0.072","0.072","0","csdev19","","laqi",".github/workflows/validate.yml",""
"2026-09-07","actions","actions_macos","9","minutes","0.062","0.558","0.558","0","csdev19","","invisible-assistant",".github/workflows/ci-desktop.yml",""
"2026-09-07","actions","actions_storage","0.002361264","gigabyte-hours","0.00033602","7.92E-07","7.92E-07","0","","","kaipu-record-monorepo","",""
"2026-09-08","actions","actions_linux","7","minutes","0.006","0.042","0.042","0","csdev19","","invisible-assistant",".github/workflows/pr-validation.yml",""
"2026-09-08","actions","actions_macos","4","minutes","0.062","0.248","0.248","0","csdev19","","invisible-assistant",".github/workflows/ci-desktop.yml",""
"2026-09-08","actions","actions_storage","0.002361264","gigabyte-hours","0.00033602","7.92E-07","7.92E-07","0","","","kaipu-record-monorepo","",""
"2026-09-09","actions","actions_linux","2","minutes","0.006","0.012","0.012","0","csdev19","","laqi",".github/workflows/release-please.yml",""
"2026-09-09","actions","actions_linux","17","minutes","0.006","0.102","0.102","0","csdev19","","laqi",".github/workflows/validate.yml",""
"2026-09-09","actions","actions_linux","3","minutes","0.006","0.018","0.018","0","csdev19","","kaipu-record-monorepo",".github/workflows/release-please.yml",""
"2026-09-09","actions","actions_linux","12","minutes","0.006","0.072","0.072","0","csdev19","","kaipu-record-monorepo",".github/workflows/ci.yml",""
"2026-09-09","actions","actions_linux","27","minutes","0.006","0.162","0.162","0","csdev19","","kaipu-record-monorepo",".github/workflows/ci-desktop.yml",""
"2026-09-09","actions","actions_linux","2","minutes","0.006","0.012","0.012","0","csdev19","","kaipu-record-monorepo",".github/workflows/ci-api.yml",""
"2026-09-09","actions","actions_linux","2","minutes","0.006","0.012","0.012","0","csdev19","","kaipu-record-monorepo",".github/workflows/ci-web.yml",""
"2026-09-09","actions","actions_linux","20","minutes","0.006","0.12","0.12","0","csdev19","","invisible-assistant",".github/workflows/pr-validation.yml",""
"2026-09-09","actions","actions_macos","12","minutes","0.062","0.744","0.744","0","csdev19","","invisible-assistant",".github/workflows/ci-desktop.yml",""
"2026-09-09","actions","actions_storage","0.002361264","gigabyte-hours","0.00033602","7.92E-07","7.92E-07","0","","","kaipu-record-monorepo","",""
"2026-09-10","actions","actions_linux","14","minutes","0.006","0.084","0.084","0","csdev19","","invisible-assistant",".github/workflows/release-please.yml",""
"2026-09-10","actions","actions_linux","24","minutes","0.006","0.144","0.144","0","csdev19","","laqi",".github/workflows/validate.yml",""
"2026-09-10","actions","actions_linux","1","minutes","0.006","0.006","0.006","0","csdev19","","laqi",".github/workflows/release-please.yml",""
"2026-09-10","actions","actions_linux","3","minutes","0.006","0.018","0.018","0","csdev19","","kaipu-record-monorepo",".github/workflows/ci.yml",""
"2026-09-10","actions","actions_linux","9","minutes","0.006","0.054","0.054","0","csdev19","","kaipu-record-monorepo",".github/workflows/ci-desktop.yml",""
"2026-09-10","actions","actions_linux","1","minutes","0.006","0.006","0.006","0","csdev19","","kaipu-record-monorepo",".github/workflows/ci-api.yml",""
"2026-09-10","actions","actions_linux","32","minutes","0.006","0.192","0.192","0","csdev19","","invisible-assistant",".github/workflows/pr-validation.yml",""
"2026-09-10","actions","actions_linux","1","minutes","0.006","0.006","0.006","0","csdev19","","kaipu-record-monorepo",".github/workflows/ci-web.yml",""
"2026-09-10","actions","actions_macos","16","minutes","0.062","0.992","0.992","0","csdev19","","invisible-assistant",".github/workflows/ci-desktop.yml",""
"2026-09-10","actions","actions_storage","0.00376196","gigabyte-hours","0.00033602","1.262E-06","1.262E-06","0","","","kaipu-record-monorepo","",""
"2026-09-11","actions","actions_linux","3","minutes","0.006","0.018","0.018","0","csdev19","","laqi",".github/workflows/validate.yml",""
"2026-09-11","actions","actions_linux","2","minutes","0.006","0.012","0.012","0","csdev19","","invisible-assistant",".github/workflows/release-please.yml",""
"2026-09-11","actions","actions_linux","19","minutes","0.006","0.114","0.114","0","csdev19","","invisible-assistant",".github/workflows/pr-validation.yml",""
"2026-09-11","actions","actions_macos","13","minutes","0.062","0.806","0.806","0","csdev19","","invisible-assistant",".github/workflows/ci-desktop.yml",""
"2026-09-11","actions","actions_storage","0.024296934","gigabyte-hours","0.00033602","8.144E-06","8.144E-06","0","","","kaipu-record-monorepo","",""
"2026-09-12","actions","actions_linux","16","minutes","0.006","0.096","0.096","0","csdev19","","kaipu-record-monorepo",".github/workflows/ci-desktop.yml",""
"2026-09-12","actions","actions_linux","6","minutes","0.006","0.036","0.036","0","csdev19","","invisible-assistant",".github/workflows/release-please.yml",""
"2026-09-12","actions","actions_linux","1","minutes","0.006","0.006","0.006","0","csdev19","","kaipu-record-monorepo",".github/workflows/ci-api.yml",""
"2026-09-12","actions","actions_linux","1","minutes","0.006","0.006","0.006","0","csdev19","","kaipu-record-monorepo",".github/workflows/ci-web.yml",""
"2026-09-12","actions","actions_linux","5","minutes","0.006","0.03","0.03","0","csdev19","","kaipu-record-monorepo",".github/workflows/ci.yml",""
"2026-09-12","actions","actions_linux","3","minutes","0.006","0.018","0.018","0","csdev19","","kaipu-record-monorepo",".github/workflows/release-please.yml",""
"2026-09-12","actions","actions_linux","4","minutes","0.006","0.024","0.024","0","csdev19","","invisible-assistant",".github/workflows/pr-validation.yml",""
"2026-09-12","actions","actions_macos","2","minutes","0.062","0.124","0.124","0","csdev19","","invisible-assistant",".github/workflows/ci-desktop.yml",""
"2026-09-12","actions","actions_storage","0.025544213","gigabyte-hours","0.00033602","8.562E-06","8.562E-06","0","","","kaipu-record-monorepo","",""
"2026-09-13","actions","actions_linux","7","minutes","0.006","0.042","0.042","0","csdev19","","kaipu-record-monorepo",".github/workflows/ci-desktop.yml",""
"2026-09-13","actions","actions_linux","3","minutes","0.006","0.018","0.018","0","csdev19","","invisible-assistant",".github/workflows/release-please.yml",""
"2026-09-13","actions","actions_linux","3","minutes","0.006","0.018","0.018","0","csdev19","","kaipu-record-monorepo",".github/workflows/ci.yml",""
"2026-09-13","actions","actions_linux","1","minutes","0.006","0.006","0.006","0","csdev19","","kaipu-record-monorepo",".github/workflows/ci-api.yml",""
"2026-09-13","actions","actions_linux","1","minutes","0.006","0.006","0.006","0","csdev19","","kaipu-record-monorepo",".github/workflows/ci-web.yml",""
"2026-09-13","actions","actions_linux","8","minutes","0.006","0.048","0.048","0","csdev19","","invisible-assistant",".github/workflows/pr-validation.yml",""
"2026-09-13","actions","actions_macos","5","minutes","0.062","0.31","0.31","0","csdev19","","invisible-assistant",".github/workflows/ci-desktop.yml",""
"2026-09-13","actions","actions_storage","0.023281335","gigabyte-hours","0.00033602","7.803E-06","7.803E-06","0","","","kaipu-record-monorepo","",""
"2026-09-14","actions","actions_linux","13","minutes","0.006","0.078","0.078","0","csdev19","","kaipu-record-monorepo",".github/workflows/release-please.yml",""
"2026-09-14","actions","actions_linux","4","minutes","0.006","0.024","0.024","0","csdev19","","kaipu-record-monorepo",".github/workflows/ci-web.yml",""
"2026-09-14","actions","actions_linux","35","minutes","0.006","0.21","0.21","0","csdev19","","kaipu-record-monorepo",".github/workflows/ci-desktop.yml",""
"2026-09-14","actions","actions_linux","5","minutes","0.006","0.03","0.03","0","csdev19","","kaipu-record-monorepo",".github/workflows/ci-api.yml",""
"2026-09-14","actions","actions_linux","18","minutes","0.006","0.108","0.108","0","csdev19","","kaipu-record-monorepo",".github/workflows/ci.yml",""
"2026-09-14","actions","actions_storage","0.023273136","gigabyte-hours","0.00033602","7.8E-06","7.8E-06","0","","","kaipu-record-monorepo","",""
"2026-09-15","actions","actions_linux","2","minutes","0.006","0.012","0.012","0","csdev19","","kaipu-record-monorepo",".github/workflows/release-api.yml",""
"2026-09-15","actions","actions_linux","2","minutes","0.006","0.012","0.012","0","csdev19","","kaipu-record-monorepo",".github/workflows/ci-api.yml",""
"2026-09-15","actions","actions_linux","4","minutes","0.006","0.024","0.024","0","csdev19","","kaipu-record-monorepo",".github/workflows/release-web.yml",""
"2026-09-15","actions","actions_linux","7","minutes","0.006","0.042","0.042","0","csdev19","","kaipu-record-monorepo",".github/workflows/release-please.yml",""
"2026-09-15","actions","actions_linux","6","minutes","0.006","0.036","0.036","0","csdev19","","kaipu-record-monorepo",".github/workflows/ci-desktop.yml",""
"2026-09-15","actions","actions_linux","14","minutes","0.006","0.084","0.084","0","csdev19","","kaipu-record-monorepo",".github/workflows/ci.yml",""
"2026-09-15","actions","actions_linux","3","minutes","0.006","0.018","0.018","0","csdev19","","kaipu-record-monorepo",".github/workflows/ci-web.yml",""
"2026-09-15","actions","actions_macos","2","minutes","0.062","0.124","0.124","0","csdev19","","kaipu-record-monorepo",".github/workflows/release-desktop.yml",""
"2026-09-15","actions","actions_storage","0.023273136","gigabyte-hours","0.00033602","7.8E-06","7.8E-06","0","","","kaipu-record-monorepo","",""
"2026-09-16","actions","actions_linux","4","minutes","0.006","0.024","0.024","0","csdev19","","invisible-assistant",".github/workflows/pr-validation.yml",""
"2026-09-16","actions","actions_linux","6","minutes","0.006","0.036","0.036","0","csdev19","","kaipu-record-monorepo",".github/workflows/ci-api.yml",""
"2026-09-16","actions","actions_linux","3","minutes","0.006","0.018","0.018","0","csdev19","","invisible-assistant",".github/workflows/release-please.yml",""
"2026-09-16","actions","actions_linux","3","minutes","0.006","0.018","0.018","0","csdev19","","kaipu-record-monorepo",".github/workflows/ci-web.yml",""
"2026-09-16","actions","actions_linux","1","minutes","0.006","0.006","0.006","0","csdev19","","kaipu-record-monorepo",".github/workflows/release-please.yml",""
"2026-09-16","actions","actions_linux","9","minutes","0.006","0.054","0.054","0","csdev19","","kaipu-record-monorepo",".github/workflows/ci.yml",""
"2026-09-16","actions","actions_linux","18","minutes","0.006","0.108","0.108","0","csdev19","","port-watcher",".github/workflows/pr-validation.yml",""
"2026-09-16","actions","actions_linux","18","minutes","0.006","0.108","0.108","0","csdev19","","kaipu-record-monorepo",".github/workflows/ci-desktop.yml",""
"2026-09-16","actions","actions_storage","0.023273136","gigabyte-hours","0.00033602","7.8E-06","7.8E-06","0","","","kaipu-record-monorepo","",""
"2026-09-17","actions","actions_linux","3","minutes","0.006","0.018","0.018","0","csdev19","","invisible-assistant",".github/workflows/release-please.yml",""
"2026-09-17","actions","actions_linux","3","minutes","0.006","0.018","0.018","0","csdev19","","kaipu-record-monorepo",".github/workflows/ci.yml",""
"2026-09-17","actions","actions_linux","7","minutes","0.006","0.042","0.042","0","csdev19","","kaipu-record-monorepo",".github/workflows/ci-desktop.yml",""
"2026-09-17","actions","actions_linux","2","minutes","0.006","0.012","0.012","0","csdev19","","kaipu-record-monorepo",".github/workflows/release-please.yml",""
"2026-09-17","actions","actions_linux","10","minutes","0.006","0.06","0.06","0","csdev19","","port-watcher",".github/workflows/pr-validation.yml",""
"2026-09-17","actions","actions_linux","4","minutes","0.006","0.024","0.024","0","csdev19","","invisible-assistant",".github/workflows/pr-validation.yml",""
"2026-09-17","actions","actions_macos","2","minutes","0.062","0.124","0.124","0","csdev19","","invisible-assistant",".github/workflows/ci-desktop.yml",""
"2026-09-17","actions","actions_storage","0.02194786","gigabyte-hours","0.00033602","7.356E-06","7.356E-06","0","","","kaipu-record-monorepo","",""
"2026-09-18","actions","actions_linux","15","minutes","0.006","0.09","0.09","0","csdev19","","kaipu-record-monorepo",".github/workflows/ci.yml",""
"2026-09-18","actions","actions_linux","6","minutes","0.006","0.036","0.036","0","csdev19","","kaipu-record-monorepo",".github/workflows/ci-web.yml",""
"2026-09-18","actions","actions_linux","24","minutes","0.006","0.144","0.144","0","csdev19","","kaipu-record-monorepo",".github/workflows/ci-desktop.yml",""
"2026-09-18","actions","actions_linux","9","minutes","0.006","0.054","0.054","0","csdev19","","kaipu-record-monorepo",".github/workflows/ci-api.yml",""
"2026-09-18","actions","actions_storage","0.000307076","gigabyte-hours","0.00033602","1.03E-07","1.03E-07","0","","","kaipu-record-monorepo","",""
"2026-09-19","actions","actions_linux","4","minutes","0.006","0.024","0.024","0","csdev19","","kaipu-record-monorepo",".github/workflows/release-api.yml",""
"2026-09-19","actions","actions_linux","8","minutes","0.006","0.048","0.048","0","csdev19","","invisible-assistant",".github/workflows/pr-validation.yml",""
"2026-09-19","actions","actions_linux","17","minutes","0.006","0.102","0.102","0","csdev19","","kaipu-record-monorepo",".github/workflows/release-please.yml",""
"2026-09-19","actions","actions_linux","3","minutes","0.006","0.018","0.018","0","csdev19","","invisible-assistant",".github/workflows/ci-desktop.yml",""
"2026-09-19","actions","actions_linux","11","minutes","0.006","0.066","0.066","0","csdev19","","kaipu-record-monorepo",".github/workflows/ci-web.yml",""
"2026-09-19","actions","actions_linux","4","minutes","0.006","0.024","0.024","0","csdev19","","kaipu-record-monorepo",".github/workflows/release-web.yml",""
"2026-09-19","actions","actions_linux","3","minutes","0.006","0.018","0.018","0","csdev19","","laqi",".github/workflows/validate.yml",""
"2026-09-19","actions","actions_linux","33","minutes","0.006","0.198","0.198","0","csdev19","","kaipu-record-monorepo",".github/workflows/ci.yml",""
"2026-09-19","actions","actions_linux","64","minutes","0.006","0.384","0.384","0","csdev19","","kaipu-record-monorepo",".github/workflows/ci-desktop.yml",""
"2026-09-19","actions","actions_linux","18","minutes","0.006","0.108","0.108","0","csdev19","","kaipu-record-monorepo",".github/workflows/ci-api.yml",""
"2026-09-19","actions","actions_macos","1","minutes","0.062","0.062","0.062","0","csdev19","","invisible-assistant",".github/workflows/ci-desktop.yml",""
"2026-09-19","actions","actions_macos","29.483870968","minutes","0.062","1.828","1.828","0","csdev19","","kaipu-record-monorepo",".github/workflows/release-desktop.yml",""
"2026-09-19","actions","actions_storage","8.951054315","gigabyte-hours","0.00033602","0.00300773","0.00300773","0","","","kaipu-record-monorepo","",""
"2026-09-20","actions","actions_storage","11.634668216","gigabyte-hours","0.00033602","0.00390947","0.00390947","0","","","kaipu-record-monorepo","",""
"2026-09-21","actions","actions_linux","15","minutes","0.006","0.09","0.09","0","csdev19","","invisible-assistant",".github/workflows/ci-desktop.yml",""
"2026-09-21","actions","actions_linux","19","minutes","0.006","0.114","0.114","0","csdev19","","invisible-assistant",".github/workflows/pr-validation.yml",""
"2026-09-21","actions","actions_linux","14","minutes","0.006","0.084","0.084","0","csdev19","","invisible-assistant",".github/workflows/customizer-test.yml",""
"2026-09-21","actions","actions_macos","4","minutes","0.062","0.248","0.248","0","csdev19","","invisible-assistant",".github/workflows/ci-desktop.yml",""
"2026-09-21","actions","actions_storage","11.64884028","gigabyte-hours","0.00033602","0.003914232","0.003914232","0","","","kaipu-record-monorepo","",""
"2026-09-22","actions","actions_linux","5","minutes","0.006","0.03","0.03","0","csdev19","","kaipu-record-monorepo",".github/workflows/ci-desktop.yml",""
"2026-09-22","actions","actions_linux","14","minutes","0.006","0.084","0.084","0","csdev19","","invisible-assistant",".github/workflows/customizer-test.yml",""
"2026-09-22","actions","actions_linux","26","minutes","0.006","0.156","0.156","0","csdev19","","invisible-assistant",".github/workflows/ci-desktop.yml",""
"2026-09-22","actions","actions_linux","8","minutes","0.006","0.048","0.048","0","csdev19","","port-watcher",".github/workflows/pr-validation.yml",""
"2026-09-22","actions","actions_linux","9","minutes","0.006","0.054","0.054","0","csdev19","","kaipu-record-monorepo",".github/workflows/release-please.yml",""
"2026-09-22","actions","actions_linux","7","minutes","0.006","0.042","0.042","0","csdev19","","kaipu-record-monorepo",".github/workflows/ci.yml",""
"2026-09-22","actions","actions_linux","47","minutes","0.006","0.282","0.282","0","csdev19","","invisible-assistant",".github/workflows/pr-validation.yml",""
"2026-09-22","actions","actions_macos","9","minutes","0.062","0.558","0.558","0","csdev19","","invisible-assistant",".github/workflows/ci-desktop.yml",""
"2026-09-22","actions","actions_storage","11.64884028","gigabyte-hours","0.00033602","0.003914232","0.003914232","0","","","kaipu-record-monorepo","",""
"2026-09-23","actions","actions_linux","16","minutes","0.006","0.096","0.096","0","csdev19","","kaipu-record-monorepo",".github/workflows/ci-web.yml",""
"2026-09-23","actions","actions_linux","27","minutes","0.006","0.162","0.162","0","csdev19","","kaipu-record-monorepo",".github/workflows/ci-api.yml",""
"2026-09-23","actions","actions_linux","16","minutes","0.006","0.096","0.096","0","csdev19","","kaipu-record-monorepo",".github/workflows/release-please.yml",""
"2026-09-23","actions","actions_linux","9","minutes","0.006","0.054","0.054","0","csdev19","","invisible-assistant",".github/workflows/ci-desktop.yml",""
"2026-09-23","actions","actions_linux","91","minutes","0.006","0.546","0.546","0","csdev19","","kaipu-record-monorepo",".github/workflows/ci-desktop.yml",""
"2026-09-23","actions","actions_linux","42","minutes","0.006","0.252","0.252","0","csdev19","","kaipu-record-monorepo",".github/workflows/ci.yml",""
"2026-09-23","actions","actions_linux","13","minutes","0.006","0.078","0.078","0","csdev19","","invisible-assistant",".github/workflows/pr-validation.yml",""
"2026-09-23","actions","actions_macos","11","minutes","0.062","0.682","0.682","0","csdev19","","kaipu-record-monorepo",".github/workflows/release-desktop.yml",""
"2026-09-23","actions","actions_macos","5","minutes","0.062","0.31","0.31","0","csdev19","","invisible-assistant",".github/workflows/ci-desktop.yml",""
"2026-09-23","actions","actions_storage","11.64884028","gigabyte-hours","0.00033602","0.003914232","0.003914232","0","","","kaipu-record-monorepo","",""
"2026-09-24","actions","actions_storage","2.426841725","gigabyte-hours","0.00033602","0.000815465","0.000815465","0","","","kaipu-record-monorepo","",""
